ID,first_name,last_name,House No,city,county,zip,email
1002,Josephine,Darakjy,4 B Blue Ridge Blvd,Brighton,Livingston,48116,josephine_darakjy@darakjy.org
1003,Art,Venere,8 W Cerritos Ave #54,Bridgeport,Gloucester,8014,art@venere.org
1004,Lenna,Paprocki,639 Main St,Anchorage,Anchorage,99501,lpaprocki@hotmail.com
1005,Donette,Foller,34 Center St,Hamilton,Butler,45011,donette.foller@cox.net
1006,Simona,Morasca,3 Mcauley Dr,Ashland,Ashland,44805,simona@morasca.com
1007,Mitsue,Tollner,7 Eads St,Chicago,Cook,60632,mitsue_tollner@yahoo.com
1008,Leota,Dilliard,7 W Jackson Blvd,San Jose,Santa Clara,95111,leota@hotmail.com
1009,Sage,Wieser,5 Boston Ave #88,Sioux Falls,Minnehaha,57105,sage_wieser@cox.net
1010,Kris,Marrier,228 Runamuck Pl #2808,Baltimore,Baltimore City,21224,kris@gmail.com
1011,Minna,Amigon,2371 Jerrold Ave,Kulpsville,Montgomery,19443,minna_amigon@yahoo.com
1012,Abel,Maclead,37275 St  Rt 17m M,Middle Island,Suffolk,11953,amaclead@gmail.com
1013,Kiley,Caldarera,25 E 75th St #69,Los Angeles,Los Angeles,90034,kiley.caldarera@aol.com
1014,Graciela,Ruta,98 Connecticut Ave Nw,Chagrin Falls,Geauga,44023,gruta@cox.net
1015,Cammy,Albares,56 E Morehead St,Laredo,Webb,78045,calbares@gmail.com
1016,Mattie,Poquette,73 State Road 434 E,Phoenix,Maricopa,85013,mattie@aol.com
1017,Meaghan,Garufi,69734 E Carrillo St,Mc Minnville,Warren,37110,meaghan@hotmail.com
1018,Gladys,Rim,322 New Horizon Blvd,Milwaukee,Milwaukee,53207,gladys.rim@rim.org
1019,Yuki,Whobrey,1 State Route 27,Taylor,Wayne,48180,yuki_whobrey@aol.com
1020,Fletcher,Flosi,394 Manchester Blvd,Rockford,Winnebago,61109,fletcher.flosi@yahoo.com
1030,Bette,Nicka,6 S 33rd St,Aston,Delaware,19014,bette_nicka@cox.net
1040,Veronika,Inouye,6 Greenleaf Ave,San Jose,Santa Clara,95111,vinouye@aol.com
1050,Willard,Kolmetz,618 W Yakima Ave,Irving,Dallas,75062,willard@hotmail.com
1060,Maryann,Royster,74 S Westgate St,Albany,Albany,12204,mroyster@royster.com
1070,Alisha,Slusarski,3273 State St,Middlesex,Middlesex,8846,alisha@slusarski.com
1080,Allene,Iturbide,1 Central Ave,Stevens Point,Portage,54481,allene_iturbide@cox.net
1090,Chanel,Caudy,86 Nw 66th St #8673,Shawnee,Johnson,66218,chanel.caudy@caudy.org
1100,Ezekiel,Chui,2 Cedar Ave #84,Easton,Talbot,21601,ezekiel@chui.com
1101,Willow,Kusko,90991 Thorburn Ave,New York,New York,10011,wkusko@yahoo.com
1102,Bernardo,Figeroa,386 9th Ave N,Conroe,Montgomery,77301,bfigeroa@aol.com
1103,Ammie,Corrio,74874 Atlantic Ave,Columbus,Franklin,43215,ammie@corrio.com
1104,Francine,Vocelka,366 South Dr,Las Cruces,Dona Ana,88011,francine_vocelka@vocelka.com
1105,Ernie,Stenseth,45 E Liberty St,Ridgefield Park,Bergen,7660,ernie_stenseth@aol.com
1106,Albina,Glick,4 Ralph Ct,Dunellen,Middlesex,8812,albina@glick.com
1107,Alishia,Sergi,2742 Distribution Way,New York,New York,10025,asergi@gmail.com
1108,Solange,Shinko,426 Wolf St,Metairie,Jefferson,70002,solange@shinko.com
1109,Jose,Stockham,128 Bransten Rd,New York,New York,10011,jose@yahoo.com
1110,Rozella,Ostrosky,17 Morena Blvd,Camarillo,Ventura,93012,rozella.ostrosky@ostrosky.com
1111,Valentine,Gillian,775 W 17th St,San Antonio,Bexar,78204,valentine_gillian@gmail.com
1112,Kati,Rulapaugh,6980 Dorsett Rd,Abilene,Dickinson,67410,kati.rulapaugh@hotmail.com
1113,Youlanda,Schemmer,2881 Lewis Rd,Prineville,Crook,97754,youlanda@aol.com
1114,Dyan,Oldroyd,7219 Woodfield Rd,Overland Park,Johnson,66204,doldroyd@aol.com
1115,Roxane,Campain,1048 Main St,Fairbanks,Fairbanks North Star,99708,roxane@hotmail.com
1116,Lavera,Perin,678 3rd Ave,Miami,Miami-Dade,33196,lperin@perin.org
1117,Erick,Ferencz,20 S Babcock St,Fairbanks,Fairbanks North Star,99712,erick.ferencz@aol.com
1118,Fatima,Saylors,2 Lighthouse Ave,Hopkins,Hennepin,55343,fsaylors@saylors.org
1119,Jina,Briddick,38938 Park Blvd,Boston,Suffolk,2128,jina_briddick@briddick.com
1120,Kanisha,Waycott,5 Tomahawk Dr,Los Angeles,Los Angeles,90006,kanisha_waycott@yahoo.com
1121,Emerson,Bowley,762 S Main St,Madison,Dane,53711,emerson.bowley@bowley.org
1122,Blair,Malet,209 Decker Dr,Philadelphia,Philadelphia,19132,bmalet@yahoo.com
1123,Brock,Bolognia,4486 W O St #1,New York,New York,10003,bbolognia@yahoo.com
1124,Lorrie,Nestle,39 S 7th St,Tullahoma,Coffee,37388,lnestle@hotmail.com
1125,Sabra,Uyetake,98839 Hawthorne Blvd #6101,Columbia,Richland,29201,sabra@uyetake.org
1126,Marjory,Mastella,71 San Mateo Ave,Wayne,Delaware,19087,mmastella@mastella.com
1127,Karl,Klonowski,76 Brooks St #9,Flemington,Hunterdon,8822,karl_klonowski@yahoo.com
1128,Tonette,Wenner,4545 Courthouse Rd,Westbury,Nassau,11590,twenner@aol.com
1129,Amber,Monarrez,14288 Foster Ave #4121,Jenkintown,Montgomery,19046,amber_monarrez@monarrez.org
1130,Shenika,Seewald,4 Otis St,Van Nuys,Los Angeles,91405,shenika@gmail.com
1131,Delmy,Ahle,65895 S 16th St,Providence,Providence,2909,delmy.ahle@hotmail.com
1132,Deeanna,Juhas,14302 Pennsylvania Ave,Huntingdon Valley,Montgomery,19006,deeanna_juhas@gmail.com
1133,Blondell,Pugh,201 Hawk Ct,Providence,Providence,2904,bpugh@aol.com
1134,Jamal,Vanausdal,53075 Sw 152nd Ter #615,Monroe Township,Middlesex,8831,jamal@vanausdal.org
1135,Cecily,Hollack,59 N Groesbeck Hwy,Austin,Travis,78731,cecily@hollack.org
1136,Carmelina,Lindall,2664 Lewis Rd,Littleton,Douglas,80126,carmelina_lindall@lindall.com
1137,Maurine,Yglesias,59 Shady Ln #53,Milwaukee,Milwaukee,53214,maurine_yglesias@yglesias.com
1138,Tawna,Buvens,3305 Nabell Ave #679,New York,New York,10009,tawna@gmail.com
1139,Penney,Weight,18 Fountain St,Anchorage,Anchorage,99515,penney_weight@aol.com
1140,Elly,Morocco,7 W 32nd St,Erie,Erie,16502,elly_morocco@gmail.com
1141,Ilene,Eroman,2853 S Central Expy,Glen Burnie,Anne Arundel,21061,ilene.eroman@hotmail.com
1142,Vallie,Mondella,74 W College St,Boise,Ada,83707,vmondella@mondella.com
1143,Kallie,Blackwood,701 S Harrison Rd,San Francisco,San Francisco,94104,kallie.blackwood@gmail.com
1144,Johnetta,Abdallah,1088 Pinehurst St,Chapel Hill,Orange,27514,johnetta_abdallah@aol.com
1145,Bobbye,Rhym,30 W 80th St #1995,San Carlos,San Mateo,94070,brhym@rhym.com
1146,Micaela,Rhymes,20932 Hedley St,Concord,Contra Costa,94520,micaela_rhymes@gmail.com
1147,Tamar,Hoogland,2737 Pistorio Rd #9230,London,Madison,43140,tamar@hotmail.com
1148,Moon,Parlato,74989 Brandon St,Wellsville,Allegany,14895,moon@yahoo.com
1149,Laurel,Reitler,6 Kains Ave,Baltimore,Baltimore City,21215,laurel_reitler@reitler.com
1150,Delisa,Crupi,47565 W Grand Ave,Newark,Essex,7105,delisa.crupi@crupi.com
1151,Viva,Toelkes,4284 Dorigo Ln,Chicago,Cook,60647,viva.toelkes@gmail.com
1152,Elza,Lipke,6794 Lake Dr E,Newark,Essex,7104,elza@yahoo.com
1153,Devorah,Chickering,31 Douglas Blvd #950,Clovis,Curry,88101,devorah@hotmail.com
1154,Timothy,Mulqueen,44 W 4th St,Staten Island,Richmond,10309,timothy_mulqueen@mulqueen.org
1155,Arlette,Honeywell,11279 Loytan St,Jacksonville,Duval,32254,ahoneywell@honeywell.com
1156,Dominque,Dickerson,69 Marquette Ave,Hayward,Alameda,94545,dominque.dickerson@dickerson.org
1157,Lettie,Isenhower,70 W Main St,Beachwood,Cuyahoga,44122,lettie_isenhower@yahoo.com
1158,Myra,Munns,461 Prospect Pl #316,Euless,Tarrant,76040,mmunns@cox.net
1159,Stephaine,Barfield,47154 Whipple Ave Nw,Gardena,Los Angeles,90247,stephaine@barfield.com
1160,Lai,Gato,37 Alabama Ave,Evanston,Cook,60201,lai.gato@gato.org
1161,Stephen,Emigh,3777 E Richmond St #900,Akron,Summit,44302,stephen_emigh@hotmail.com
1162,Tyra,Shields,3 Fort Worth Ave,Philadelphia,Philadelphia,19106,tshields@gmail.com
1163,Tammara,Wardrip,4800 Black Horse Pike,Burlingame,San Mateo,94010,twardrip@cox.net
1164,Cory,Gibes,83649 W Belmont Ave,San Gabriel,Los Angeles,91776,cory.gibes@gmail.com
1165,Danica,Bruschke,840 15th Ave,Waco,McLennan,76708,danica_bruschke@gmail.com
1166,Wilda,Giguere,1747 Calle Amanecer #2,Anchorage,Anchorage,99501,wilda@cox.net
1167,Elvera,Benimadho,99385 Charity St #840,San Jose,Santa Clara,95110,elvera.benimadho@cox.net
1168,Carma,Vanheusen,68556 Central Hwy,San Leandro,Alameda,94577,carma@cox.net
1169,Malinda,Hochard,55 Riverside Ave,Indianapolis,Marion,46202,malinda.hochard@yahoo.com
1170,Natalie,Fern,7140 University Ave,Rock Springs,Sweetwater,82901,natalie.fern@hotmail.com
1171,Lisha,Centini,64 5th Ave #1153,Mc Lean,Fairfax,22102,lisha@centini.org
test1,test1,test1,test1,test1,test1,test1,test1
